Date,Indonesia,Australia,Brazil,India,Austria,South Africa,Belgium,Chile,China,OECD,Colombia,Costa Rica,Czechia,Denmark,Estonia,Finland,France,Germany,Greece,Hungary,Ireland,Israel,Italy,Japan,Korea,Lithuania,Mexico,Netherlands,Latvia,Poland,Slovak Rep.,Slovenia,New Zealand,Sweden,Luxembourg,Spain,Türkiye,United States,Portugal,United Kingdom,Switzerland,Russia
2020-01-01,101.206,99.32102,100.4161,100.3378,100.8151,99.24615,99.9514,96.8633,103.8656,100.7386,98.20472,98.10513,102.6788,100.8147,103.6093,99.22471,100.0647,100.9668,103.1353,102.478,101.4358,101.5913,100.5658,99.1144,99.98412,102.6126,102.2028,100.0352,102.5306,101.7914,102.3787,102.2077,99.98196,99.54027,101.5092,100.6591,97.9148,101.5963,101.1588,100.8609,99.64938,100.4905
2020-02-01,100.7611,99.15056,99.61337,100.0527,100.4232,99.05338,99.83606,96.94473,103.2413,100.2612,97.34431,98.4447,102.1374,100.543,103.0439,98.75168,99.63367,100.5824,102.3902,102.0155,101.1586,100.5807,99.9308,98.35398,98.95938,101.8521,101.375,99.82196,101.7445,101.161,101.9741,101.3958,99.79594,99.42071,100.6445,100.1991,97.79484,101.1947,100.4143,100.5123,99.25188,99.98878
2020-03-01,99.99712,98.75497,98.19249,99.03537,99.64311,98.55794,99.35335,96.63969,102.7415,99.23766,95.91375,98.58547,101.241,99.98713,101.8555,97.99509,98.75721,99.77616,101.0898,101.118,99.98386,98.70241,98.91453,97.00095,97.53362,100.2361,99.30881,99.22577,100.0936,99.91983,100.7555,99.71366,99.54988,99.0905,99.01243,98.67162,97.76228,100.2586,98.89407,99.47202,98.33782,98.74014
2020-04-01,98.97733,98.34645,96.72215,96.93494,98.91465,97.64034,98.8798,96.00843,102.1067,98.14605,94.6406,98.52574,100.2252,99.54063,100.185,97.43758,97.93719,98.98714,99.84138,99.86872,98.3524,97.53073,98.4481,95.79509,96.66476,98.54866,96.30118,98.43556,98.18846,98.12434,98.80199,97.54153,99.27654,98.78253,97.42956,96.46239,97.79487,99.24043,97.11824,97.97098,97.31045,97.25233
2020-05-01,98.35859,98.46362,96.44836,94.51003,98.95717,96.60874,99.00598,95.32039,101.6501,97.81001,94.29171,98.21046,100.1773,99.72002,99.2824,97.97333,98.01742,98.89174,99.41509,99.47838,97.87286,97.66198,98.59888,95.57961,96.70325,98.55213,94.58016,98.27161,98.04963,97.64418,98.04941,96.84335,99.00736,98.85265,97.47523,95.57599,98.12645,98.7714,96.79456,97.23493,96.74292,96.21296
2020-06-01,98.25745,98.63459,97.1611,92.7999,99.35361,95.89043,99.2761,94.73296,101.4666,98.01489,94.4453,97.58496,100.4365,100.1282,98.67628,98.94392,98.61668,99.28805,99.53548,99.67771,98.17628,97.21532,99.28611,96.01692,97.14563,99.51797,94.43686,98.55359,98.83175,98.24424,98.22865,97.35547,98.77853,99.36156,98.18303,95.77538,98.29444,98.7247,97.22028,97.37011,97.08757,96.14293
2020-07-01,98.34606,98.56892,98.12325,92.62005,99.59711,95.83733,99.33849,94.57492,101.7425,98.28747,94.882,96.90414,100.5903,100.3095,99.04221,99.46641,99.07516,99.69151,99.59523,100.1177,98.54663,96.60634,99.74239,96.56197,97.5827,100.4579,95.32661,98.84819,99.57281,98.96073,98.78587,98.21556,98.63297,99.90094,98.4408,96.00481,98.21889,98.74093,97.58893,97.84993,97.92531,96.60137
2020-08-01,98.39808,98.64114,98.79943,93.34302,99.73283,96.21811,99.36143,94.9648,102.1517,98.53404,95.55976,96.5159,100.4753,100.2781,99.64659,99.29008,99.2412,99.97731,99.52808,100.4866,98.73026,96.57168,100.0144,97.02637,97.87202,101.1521,96.37875,99.00426,100.0923,99.11355,99.3644,98.85995,98.58191,100.3034,98.44624,96.05359,98.03449,98.93021,97.79408,98.05299,98.72948,97.02808
2020-09-01,98.37937,99.30191,99.17155,94.20498,99.73994,96.78228,99.6469,95.49464,102.711,98.74146,96.23417,96.69988,100.1529,100.2587,99.91798,98.9683,99.16676,100.0348,99.27857,100.6171,98.92999,96.64213,100.0636,97.43939,98.04411,101.5874,97.27135,99.10626,100.1002,98.84396,99.64416,98.85495,98.67033,100.5438,98.75935,96.18552,98.04346,99.22326,97.80287,97.88041,99.13667,97.05743
2020-10-01,98.44877,100.133,99.22639,94.70953,99.42998,97.39019,99.95972,95.95889,103.174,98.81765,96.82288,97.21364,99.56959,100.2693,99.64028,98.86539,98.83875,99.86606,99.09132,100.5434,99.35289,96.96348,99.7709,97.63764,98.58501,101.607,97.87703,99.24523,99.81755,98.50391,99.64449,98.44922,98.94785,100.5704,98.94881,96.38438,98.0106,99.36275,97.74838,97.5527,99.25096,96.86408
2020-11-01,98.71348,100.7141,99.04219,94.89243,99.18859,97.95982,100.3092,96.33705,103.4795,98.82903,97.27364,97.76315,99.35632,100.3159,98.85241,99.14948,98.5871,99.64442,98.96338,100.4681,100.0873,97.98613,99.58005,97.60992,99.00589,101.2315,98.16145,99.57729,99.03849,98.24877,99.57668,98.07343,99.30006,100.5311,98.97189,96.73006,97.95171,99.32233,97.64313,97.45822,99.23451,96.74741
2020-12-01,98.83683,100.9911,98.68464,94.85776,99.29836,98.4208,100.7124,96.62259,103.5837,98.94129,97.40382,98.14353,99.59274,100.5189,98.69566,99.60307,98.77117,99.49796,99.04056,100.3854,100.6225,99.06863,99.87635,97.43436,99.06104,101.1206,98.47647,99.92202,98.40305,98.35746,99.40286,98.16096,99.58722,100.747,99.29867,97.31274,98.13568,99.32521,97.83024,97.8576,99.19082,96.93866
2021-01-01,98.74134,101.0228,98.30921,94.63548,99.48244,98.70679,100.9402,96.84792,103.7197,99.07893,97.16351,98.34412,99.6528,100.6757,98.81152,100.1064,98.85067,99.40429,99.01353,100.3516,100.8214,99.98973,100.2359,97.41431,99.24213,101.2296,98.84819,100.1308,98.46592,98.67144,99.03613,98.56636,99.70809,101.0772,99.76006,97.68954,98.59148,99.33092,98.05745,98.42961,99.17889,97.3315
2021-02-01,98.81786,101.1402,97.97808,94.2568,99.76488,98.85645,101.0857,96.95087,103.8268,99.3532,96.96204,98.35861,99.63509,100.8191,98.89433,100.403,99.04965,99.56791,98.9816,100.3727,101.3069,100.9873,100.5971,97.76677,99.55053,101.4015,99.36104,100.3112,98.95166,99.12301,98.91086,99.19576,99.72889,101.4291,100.1304,98.19324,98.92413,99.46185,98.32124,99.46755,99.2511,97.77339
2021-03-01,99.15443,101.3694,97.62611,93.67815,100.0652,98.88075,101.2796,96.74243,103.5859,99.75681,96.42371,98.17509,99.84815,101.002,98.83183,100.7663,99.55827,99.87896,99.27066,100.4874,101.8618,102.0943,100.9842,98.12819,99.94538,101.602,100.1477,100.6326,99.77203,99.50097,99.11557,99.54836,99.73185,101.6874,100.7321,99.16034,98.84029,99.80543,98.89739,100.7338,99.45934,98.15559
2021-04-01,99.53202,101.5321,97.76867,92.86162,100.2735,98.76654,101.5248,96.55883,103.3453,100.0779,95.47433,97.95215,100.4819,101.232,98.85024,101.5562,100.1799,100.2114,99.87699,100.6479,102.3827,102.9624,101.617,98.28461,100.3498,101.7816,100.9699,101,100.9603,99.87498,99.65037,99.81556,99.76395,102.011,101.5007,99.94742,98.18351,100.0346,99.5418,101.7309,99.77705,98.45393
2021-05-01,99.64943,101.3437,98.24833,92.05534,100.75,98.60554,101.8847,97.07538,103.1816,100.3227,95.3364,97.88877,101.1347,101.3666,99.43434,102.1254,100.9516,100.7466,100.6356,100.9951,102.6895,103.1305,102.4408,98.40578,100.7136,101.9507,101.6104,101.3311,101.6708,100.3968,100.1341,100.2625,99.80334,102.3405,102.1676,100.533,97.69286,99.97952,100.0446,102.4922,100.1971,98.63631
2021-06-01,99.34905,101.0146,98.74753,91.62808,101.0952,98.50417,102.1227,98.06949,102.9679,100.475,96.2236,98.13366,101.4786,101.4295,100.3974,102.5141,101.523,101.2178,100.8099,101.3816,102.6181,102.8299,103.0747,98.64507,100.8806,102.309,102.0744,101.5093,101.7212,100.6872,100.4593,100.5618,99.79983,102.4383,102.4941,100.8998,97.66625,99.78264,100.2206,102.8344,100.7199,98.65394
2021-07-01,98.71884,100.7838,98.94777,91.89354,101.2569,98.54025,102.0479,98.97633,102.612,100.3788,97.46449,98.53493,101.4506,101.4763,101.2658,102.6621,101.5133,101.3563,100.4897,101.4502,102.4624,102.172,103.2901,98.82883,100.6825,102.4577,102.224,101.3015,100.7922,100.7478,100.5954,100.5701,99.70802,102.3889,102.2318,101.0988,97.5619,99.34355,100.2387,102.7805,101.2398,98.54865
2021-08-01,98.61068,100.5931,98.75114,92.55573,101.2184,98.65995,101.7343,99.47913,102.5152,100.1448,98.32838,98.90052,101.342,101.551,101.9109,102.6777,101.2749,101.3428,100.0504,101.3302,102.4313,101.449,103.2073,98.94798,100.5442,102.2103,102.1634,100.9961,100.267,100.7104,100.5936,100.2682,99.56332,102.2154,102.0194,101.1922,97.37412,98.80966,100.4469,102.2797,101.6057,98.33872
2021-09-01,99.25027,100.5368,98.3422,93.28196,101.0073,98.795,101.4049,99.52638,102.6994,99.98341,98.89719,99.10213,100.9815,101.5611,102.3082,102.5798,101.1586,101.3427,99.59832,101.2404,102.2482,101.4384,103.1355,99.10951,100.6087,101.9249,102.3152,100.6485,100.2598,100.577,100.4287,99.8854,99.40582,101.9553,101.7002,101.1119,97.06315,98.52937,100.5401,101.4486,101.685,98.02757
2021-10-01,100.1304,100.5066,98.12252,93.87918,100.734,98.89626,100.9453,99.28037,102.8302,99.80238,99.10163,99.2149,100.2343,101.2224,101.6918,102.1,100.8792,101.1538,99.33092,101.2682,101.8727,101.2514,103.0187,99.28206,100.7764,101.583,102.6288,100.1089,100.9513,100.2574,100.1996,99.51018,99.25695,101.6003,101.2564,100.8194,96.34415,98.35429,100.265,100.7599,101.5811,97.71721
2021-11-01,100.722,100.466,98.03846,94.40623,100.343,98.95194,100.5185,99.34377,102.9424,99.57828,98.89474,99.35107,99.36198,100.7517,100.9212,101.4379,100.5819,100.8411,99.27055,101.2286,101.4725,100.7096,102.7014,99.32377,100.8255,101.3498,102.9098,99.58891,100.9754,99.82228,99.94147,99.2868,99.10912,101.1749,100.7199,100.2168,95.45825,98.202,99.70301,100.4404,101.3877,97.53313
2021-12-01,100.9272,100.3712,98.07935,94.99366,99.9547,98.93743,100.1865,99.65944,103.063,99.34103,98.2901,99.58256,99.05561,100.4246,100.4196,100.7544,100.2487,100.5603,99.23106,101.366,100.9937,100.0785,102.2115,99.13461,100.7025,100.9877,102.6314,99.32542,100.7785,99.44405,99.70055,99.25861,98.93708,100.7027,100.2722,99.86346,95.00218,98.10685,99.36748,99.97493,101.1263,97.54852
2022-01-01,100.8701,100.2124,98.14858,95.73383,99.64339,98.81069,99.86057,99.54033,102.9272,99.01176,97.55443,99.84003,98.86187,100.0703,99.91866,100.249,99.81628,100.3319,99.04815,101.4454,100.4452,99.3351,101.3299,98.72287,100.6015,100.3989,102.2062,99.07952,99.89481,99.17546,99.54984,99.13942,98.70834,100.0092,99.68266,99.54498,95.06622,97.88631,99.13907,98.98695,100.7728,97.58216
2022-02-01,100.6771,99.99899,98.26844,96.51051,99.14494,98.57789,99.34723,98.78114,101.9312,98.55669,97.01283,100.0051,98.3553,99.41834,99.44487,99.4547,99.09823,99.84109,98.65798,101.2591,99.45722,98.96612,100.1355,98.23199,100.5298,99.78147,102.0526,98.60412,98.88399,99.08873,99.21313,98.7405,98.41777,99.22018,98.5686,98.74015,95.01555,97.59776,98.56184,97.51706,100.2312,97.37611
2022-03-01,100.6281,99.70013,98.31429,97.13618,98.27016,98.21573,98.61732,97.69417,99.68647,98.02345,96.85656,99.97688,97.3537,98.33584,98.76611,97.96254,97.98675,99.01218,97.97961,100.6572,98.2897,98.94291,98.66881,97.78385,100.4944,99.04897,102.1407,97.97739,97.5439,98.96693,98.63432,97.98344,98.04918,98.20995,96.82778,97.16505,94.74491,97.37484,97.38893,96.0136,99.39989,96.75514
2022-04-01,100.8681,99.34935,98.40257,97.45285,97.64159,97.69994,98.31911,96.5309,96.76929,97.638,97.11361,99.82999,96.68446,97.45985,97.60915,96.91026,97.40157,98.3266,97.51416,100.05,97.55435,99.10765,97.93167,97.56365,100.3736,98.61996,102.2202,97.5529,96.55176,98.76887,98.24802,97.67139,97.59859,97.49459,95.94074,96.31191,94.11594,97.21877,96.77451,94.74554,98.42507,96.02595
2022-05-01,101.2968,98.90686,98.45172,97.58385,97.10044,97.16304,98.24081,95.82729,95.17167,97.27555,97.76213,99.65683,96.30711,96.95745,95.96804,96.30824,97.14187,97.90107,97.38965,99.42877,97.09902,99.09254,97.56027,97.48314,99.98078,98.32832,102.0253,97.38988,95.47359,98.61161,98.03794,97.18785,97.17564,96.83026,95.63223,95.85799,93.6265,96.83706,96.63922,93.99684,97.48228,95.63255
2022-06-01,101.4837,98.5013,98.63454,97.6729,96.57355,96.79713,98.1803,95.52849,94.70486,96.91262,98.51621,99.52763,96.09072,96.6991,94.52038,95.79938,96.95909,97.48075,97.31674,98.79007,96.53201,98.52789,97.19899,97.34668,99.27153,97.95536,101.4621,97.16696,94.8066,98.53056,97.85711,96.59045,96.9426,96.16202,95.32258,95.08331,93.44489,96.45501,96.60183,93.58922,96.70075,95.92011
2022-07-01,101.4195,98.21767,98.91946,97.80882,96.01876,96.77767,97.98541,95.31222,94.62164,96.71255,98.5771,99.4771,95.99651,96.60491,93.59056,95.37078,96.91931,96.98016,97.23598,98.22201,96.08028,98.12947,96.87189,97.22948,98.56438,97.65904,100.8083,96.9435,95.31697,98.23857,97.68196,95.97762,97.02584,95.38055,94.90657,94.36914,93.99142,96.42902,96.59049,93.25679,96.05605,96.56277
2022-08-01,101.2715,98.06654,99.3137,97.99233,95.83279,97.01634,97.63348,95.39721,94.59921,96.71419,98.39157,99.56499,96.07774,96.53221,92.94511,95.02206,96.99569,96.59571,97.23389,97.69131,96.00539,98.22855,96.87315,97.23515,98.32082,97.453,100.424,96.60912,95.40633,97.844,97.5508,95.63388,97.23727,94.65324,94.27921,94.30708,94.83196,96.67937,96.3844,92.74205,95.54181,97.14505
2022-09-01,101.0785,98.04945,99.7093,98.2079,95.8572,97.43595,97.15939,95.59229,94.57668,96.73108,97.69241,99.85815,96.03269,96.23309,92.55155,94.64568,96.95425,96.2675,97.25787,97.35598,95.98075,98.41872,97.01403,97.15273,98.3079,97.26222,100.4021,96.29683,95.31219,97.60523,97.45252,95.55236,97.3309,93.93504,93.84581,94.54992,95.54205,96.88583,95.94235,92.31529,95.2046,97.38813
2022-10-01,101.0123,97.98285,99.88212,98.44818,96.04099,97.9872,97.16003,95.66402,94.55628,96.82524,96.82597,100.274,96.03267,96.09068,92.939,94.595,97.04752,96.31388,97.26192,97.20789,96.27938,98.80089,97.53559,97.04652,98.2423,97.67922,100.6394,96.38187,95.24827,97.58868,97.43568,95.80508,97.13109,93.66976,94.14605,95.05952,96.15439,96.99426,95.56924,92.41665,95.04849,97.43649
2022-11-01,101.011,97.84237,99.88243,98.70623,96.297,98.4845,97.62965,95.67276,94.67506,97.00425,96.15231,100.727,96.29079,96.4034,93.45512,94.78158,97.15761,96.72085,97.57481,97.27435,96.68568,99.11961,98.46929,96.98666,98.2036,98.60763,101.0913,96.75801,94.86855,97.76821,97.53054,96.22561,96.77877,93.87465,95.03317,95.77916,96.51005,97.05548,95.46567,92.8362,95.1554,97.51826
2022-12-01,101.076,97.82948,99.94406,98.98429,96.5904,98.66783,98.26401,95.62778,95.12694,97.27227,95.7695,101.1528,96.80227,96.84426,93.95826,95.16431,97.08794,97.28806,98.02042,97.4621,97.27129,99.011,99.11539,97.04697,98.31377,99.4641,101.7032,97.26315,94.65138,98.0616,97.5896,96.635,96.4731,94.12038,96.09492,96.49101,96.81148,97.26369,95.62517,93.23593,95.62439,97.80036
2023-01-01,101.1811,97.85744,99.94347,99.28474,96.95503,98.31848,98.82926,95.76587,95.7244,97.57254,95.43082,101.4943,97.51917,97.2802,94.70025,95.85528,96.99216,97.85665,98.38891,97.74625,97.75845,98.76499,99.40801,97.17548,98.43271,100.1751,102.3199,97.74093,94.95901,98.29034,97.72158,96.66064,96.36568,94.4153,97.05192,97.02807,97.3895,97.53362,95.93775,93.66523,96.248,98.21015
2023-02-01,101.2673,97.78231,99.94425,99.58099,97.2,97.6888,99.21355,96.06624,96.13483,97.81927,95.28435,101.6628,98.01218,97.62386,95.48131,96.48122,96.95616,98.31913,98.51396,98.14072,98.18156,98.74603,99.65679,97.40466,98.56283,100.7332,102.681,98.19229,95.80469,98.30428,97.99,96.70969,96.40818,94.80408,97.51108,97.29632,98.09525,97.64267,96.30802,94.47278,96.77861,98.63604
2023-03-01,101.3709,97.81139,100.0503,99.83617,97.29382,97.08519,99.35719,96.2775,95.99589,97.99076,95.31232,101.5825,98.1175,97.96371,95.76278,97.02744,97.11953,98.60869,98.75369,98.52357,98.49586,98.65355,99.86652,97.80417,98.81596,101.139,102.7751,98.44349,96.69498,98.52935,98.36932,96.87967,96.53987,95.20253,97.67043,97.41521,98.79543,97.53728,96.65991,95.37862,97.04016,99.00051
2023-04-01,101.4943,97.9238,100.2083,100.026,97.30676,96.73145,99.40195,96.3785,95.36532,98.20077,95.59184,101.4079,98.22305,98.35695,95.6238,97.54081,97.48051,98.89069,99.0815,98.70475,98.8451,98.63342,99.90375,98.19756,99.19741,101.2901,102.8332,98.48275,97.37445,99.13734,98.69689,97.09568,96.72533,95.73484,97.54638,97.78819,99.70924,97.44986,97.10181,96.41197,97.13299,99.31689
2023-05-01,101.5682,97.84139,100.4788,100.2027,97.33389,96.60611,99.35682,96.56523,94.90904,98.3873,96.16689,101.3353,98.34061,98.7239,95.30893,97.7663,97.93805,99.02313,99.66968,98.72454,99.15118,98.61897,99.81336,98.49352,99.6245,101.1598,103.0522,98.38411,98.07555,99.90051,98.97673,97.12645,96.90289,96.23147,97.72366,98.27799,99.97224,97.45047,97.63422,97.25469,97.17876,99.61455
2023-06-01,101.5324,97.78912,100.796,100.4402,97.44825,96.6939,99.41533,96.7899,94.61456,98.561,96.72609,101.508,98.51982,98.96217,95.22466,97.83962,98.34135,99.00555,100.1042,98.8183,99.26382,98.53318,99.7536,98.64437,100.0028,101.0241,103.4197,98.34116,98.50908,100.3599,99.33839,96.95347,97.00536,96.47472,97.88029,98.93471,98.99177,97.72638,98.14407,97.70399,97.23415,
2023-07-01,101.4318,97.81371,101.0741,100.7925,97.50346,97.00902,99.56241,96.91589,94.51759,98.63688,96.88414,101.8197,98.79551,99.00903,95.17175,97.76934,98.52011,98.90436,100.1164,98.91006,99.15329,98.58935,99.64332,98.67492,100.2279,101.1797,103.8127,98.3717,99.05336,100.635,99.647,96.92632,96.98855,96.35048,97.70773,99.33659,97.28806,98.05032,98.40778,97.70234,97.25166,
2023-08-01,101.3624,97.83602,101.2015,101.1913,97.41083,97.40509,99.63018,96.87511,94.55418,98.53423,96.86456,102.1297,98.83537,98.93505,95.08474,97.50977,98.47147,98.73569,99.60612,99.02979,98.89371,98.44033,99.4987,98.5857,100.1934,101.4261,104.0293,98.44821,99.30062,100.6854,99.86867,96.92513,96.93502,95.9939,97.66345,99.06254,95.63458,98.09219,98.27553,97.88561,97.12234,
2023-09-01,101.3022,97.84464,101.1554,101.5431,97.2883,97.71986,99.6654,96.79294,94.65759,98.37385,96.87056,102.34,98.61668,98.81903,94.82847,96.99468,98.36093,98.60516,98.94288,99.09986,98.65842,98.04733,99.26659,98.48487,99.95171,101.7354,104.0826,98.51115,99.37298,100.6929,100.0705,97.02599,96.96012,95.75803,97.45046,98.47597,95.22856,97.92001,97.86353,97.96397,96.75662,
2023-10-01,101.3102,97.87348,100.9898,101.7793,97.36596,97.83898,99.78545,96.70656,94.74638,98.27309,96.90478,102.4732,98.36486,98.80254,94.42748,96.65274,98.39136,98.54945,98.58761,99.2655,98.67262,97.20748,99.07996,98.48794,99.73448,101.8683,104.0655,98.65502,98.83503,100.7919,100.2649,97.18298,97.15485,95.8444,97.34704,98.18011,95.63374,97.72075,97.5079,97.78532,96.31184,
2023-11-01,101.3238,97.88416,100.848,101.9539,97.63197,97.84093,100.0097,96.81063,94.79294,98.38049,96.89172,102.5579,98.07939,98.87415,94.2084,96.60687,98.65685,98.53216,98.50127,99.50839,98.93066,96.49313,99.18522,98.60206,99.67928,102.0619,104.2086,98.91957,98.48186,101.0224,100.5163,97.39326,97.45,96.30538,97.54181,98.1366,96.25974,97.79173,97.38343,98.06725,96.00627,
2023-12-01,101.3425,97.95531,100.7681,102.1375,97.9762,97.82689,100.1206,96.98238,94.90686,98.69894,97.20036,102.5918,98.13204,98.94446,94.14678,96.797,98.88128,98.57655,98.53928,99.84605,99.3737,96.30549,99.43661,98.80418,99.81812,102.3806,104.3168,99.16047,99.01661,101.2503,100.7691,97.67307,97.75362,97.03569,98.04907,98.24366,96.90755,98.28787,97.66086,98.45634,96.01228,
2024-01-01,101.3612,98.05372,100.6614,102.3719,98.21353,97.86769,99.95345,97.1954,95.06711,99.03598,97.67209,102.552,98.72971,99.08673,94.05781,97.13546,98.97417,98.59038,98.42031,100.1861,99.86182,96.2306,99.57857,99.0352,99.98963,102.6265,104.4255,99.26627,99.75344,101.5748,100.9261,98.00697,97.98792,97.85595,98.54536,98.43607,97.41951,98.86821,98.05627,98.74232,96.21027,
2024-02-01,101.3662,98.18131,100.621,102.6173,98.43736,97.96673,99.80057,97.32392,95.15559,99.22073,97.82608,102.3784,99.36386,99.17389,94.05666,97.24388,98.83191,98.8025,98.38085,100.1471,99.98051,96.48133,99.54832,99.21433,100.0577,102.8107,104.5283,99.3699,100.123,101.7812,101.015,98.17442,98.11782,98.50848,98.89687,98.7757,97.6142,99.14896,98.44609,98.78053,96.46043,
2024-03-01,101.4112,98.16775,100.7177,102.7996,98.62913,98.12656,99.77774,97.26738,95.11645,99.28188,97.72939,102.0285,99.8365,99.14606,94.33412,97.13792,98.70684,99.11418,98.5101,100.056,99.89545,96.90868,99.36159,99.25172,100.0117,102.9764,104.6112,99.45097,100.1061,101.9127,101.1192,98.32008,98.08077,99.00399,99.29026,99.14621,97.69444,99.17409,98.8682,98.8917,96.68268,
2024-04-01,101.4681,98.0882,100.8111,102.8482,98.82595,98.35719,99.84385,97.06724,94.91666,99.21194,97.62888,101.6678,100.1671,99.13808,94.87292,97.04585,98.57954,99.4641,98.67177,99.97801,99.79258,97.1701,99.14286,99.08584,99.94138,103.187,104.6297,99.43647,100.2236,102.0037,101.223,98.57356,97.82104,99.40985,99.53624,99.42152,97.71523,98.89725,99.271,99.2004,96.88435,
2024-05-01,101.4351,98.05876,100.7966,102.7961,98.91179,98.62357,99.95708,97.02428,94.65904,99.0768,97.53398,101.5374,100.2932,99.27317,95.25568,97.36824,98.5919,99.68976,98.70157,99.978,99.79047,96.82241,99.14591,98.86259,99.91099,103.4628,104.5679,99.41148,100.3839,102.0886,101.3718,98.77088,97.49084,99.84734,99.49138,99.54702,97.53429,98.43918,99.54739,99.64851,97.10002,
2024-06-01,101.3681,98.09787,100.8561,102.6688,98.99929,98.89072,100.1231,97.15314,94.48697,99.00092,97.54557,101.8328,100.2593,99.35859,95.26559,97.85641,98.60973,99.81242,98.63762,100.0522,100.0048,96.56906,99.36327,98.74938,100.03,103.5367,104.5949,99.41485,100.4848,101.9904,101.4579,98.9721,97.29024,100.1895,99.34514,99.60306,97.12846,98.11591,99.82607,100.0605,97.3521,
2024-07-01,101.3293,98.15565,100.9647,102.4743,99.00356,99.13298,100.1867,97.18272,94.39966,98.98006,97.56548,102.3521,100.1124,99.3166,94.9026,98.13062,98.69815,99.86916,98.41618,100.1406,100.2821,96.45173,99.6062,98.72528,100.1542,103.4717,104.5715,99.49331,100.7338,101.7144,101.4247,98.99812,97.37733,100.4015,99.00632,99.65119,96.77479,97.98156,100.1158,100.2564,97.59723,
2024-08-01,101.3144,98.29307,101.0443,102.2685,98.99717,99.34255,100.2371,97.38995,94.37501,99.01252,97.48476,102.8453,100.0442,99.23563,94.28796,98.21521,98.92397,99.77088,98.07938,100.1741,100.5605,96.3204,99.70284,98.72128,100.1246,103.553,104.6353,99.59602,101.1571,101.5059,101.2242,98.84112,97.64899,100.5618,98.84501,99.70634,96.78156,98.04986,100.2051,100.0138,97.76237,
2024-09-01,101.2973,98.51501,101.084,102.1183,98.86549,99.49223,100.2017,97.48065,94.40782,99.08109,97.69195,103.139,99.99699,99.178,93.9703,98.22775,99.03636,99.66893,97.83981,100.0841,100.8999,96.27447,99.83682,98.69857,100.0433,103.7343,104.8052,99.642,101.4404,101.4296,100.8065,98.53211,97.98208,100.6758,98.96539,99.94278,97.10607,98.22515,100.2057,99.37061,97.7879,
2024-10-01,101.3209,98.85103,101.0611,102.0779,98.60239,99.53082,100.1196,97.47303,94.48526,99.14935,98.25443,103.2879,99.92622,99.04634,93.74542,98.29459,98.85698,99.63004,97.86841,99.95063,101.2031,96.08011,99.97986,98.62543,99.88878,104.0029,105.0613,99.49038,101.4358,101.28,100.2317,98.3246,98.29003,100.671,98.95941,100.1591,97.50112,98.40355,100.1061,99.05441,97.75053,
2024-11-01,101.4466,99.13349,100.9333,102.1072,98.30585,99.43842,99.89076,97.5927,94.52944,99.15896,98.61134,103.3699,99.8264,98.87532,93.60078,98.24582,98.52693,99.52673,98.11588,99.81307,101.1645,95.89544,100.0624,98.55408,99.48226,104.0614,104.8815,99.28838,101.2687,101.1545,99.82371,98.20573,98.51814,100.5948,98.75844,100.3602,97.74255,98.5463,100.0089,99.06907,97.74172,
2024-12-01,101.5512,99.20692,100.5479,102.1648,98.11755,99.15059,99.64463,97.89008,94.61498,99.09337,98.76694,103.4257,99.8451,98.59251,93.31358,98.09669,98.35251,99.46094,98.41476,99.76701,100.888,96.04583,100.0244,98.45025,98.9,103.8839,104.5408,99.11222,100.6524,101.0465,99.53288,98.23679,98.59132,100.3334,98.89001,100.4287,97.97015,98.54649,99.91341,99.07298,97.80895,
2025-01-01,101.5542,99.19106,100.0309,102.2302,98.06007,98.61331,99.41575,98.22123,94.75272,98.92963,98.6482,103.4658,99.92815,98.30653,93.05125,97.91367,98.51919,99.40566,98.62403,99.73688,100.3878,96.44262,100.0099,98.29157,98.72239,103.4858,104.2055,98.89194,100.0749,101.0898,99.34387,98.11363,98.44182,99.99947,99.14248,100.2334,98.20095,98.23334,99.83207,98.92552,97.86842,
2025-02-01,101.4496,99.18917,99.66488,102.2975,98.08888,98.03366,99.19964,98.42133,94.85339,98.66903,98.27754,103.475,99.99574,97.96534,93.06037,97.81733,98.62447,99.44383,98.69611,99.72874,99.6545,96.96453,99.90626,98.09025,98.82871,102.9637,103.9389,98.66047,99.91531,101.2687,99.34629,98.01319,98.19175,99.28593,98.93514,99.8723,98.56155,97.62047,99.66834,98.93241,97.78551,
2025-03-01,101.2636,99.19492,99.57064,102.3717,98.11591,97.69643,98.89576,98.36403,94.86021,98.37533,98.21992,103.4329,99.98931,97.66166,93.24533,97.87305,98.46077,99.5543,98.6114,99.72669,98.96307,97.25168,99.58037,97.83514,99.00378,102.3779,103.7388,98.49665,99.82106,101.4742,99.43881,98.15818,97.98578,98.31845,98.63339,99.50012,98.96534,96.95923,99.41679,98.87122,97.46305,
2025-04-01,101.1053,99.09416,99.64729,102.4633,98.03172,97.82333,98.75232,98.23264,94.86941,98.19255,98.39746,103.3653,100.0854,97.40826,93.33009,97.96804,98.16689,99.66987,98.48914,99.68881,98.47431,97.41483,99.31467,97.61192,99.40359,101.9648,103.6418,98.42117,99.76764,101.703,99.459,98.35904,97.92436,97.61707,98.6274,99.20995,99.0893,96.56055,99.32684,98.7948,97.07191,
2025-05-01,100.9572,99.09563,99.78111,102.5745,98.10399,98.18958,99.00319,98.05851,94.90228,98.26822,98.84654,103.3032,100.4421,97.32452,93.38541,98.01147,97.92966,99.81686,98.43691,99.62217,98.5042,97.22517,99.32978,97.66872,100.1229,101.8293,103.7014,98.51655,99.97282,101.8328,99.55356,98.6668,97.95282,97.66328,99.1321,99.15119,99.13543,96.58608,99.51983,99.03012,96.85467,
2025-06-01,100.8784,99.17712,99.85088,102.7135,98.24477,98.51286,99.32538,98.05199,94.9696,98.46494,99.32618,103.2682,100.7353,97.36282,93.34534,98.09533,97.81585,99.88419,98.28077,99.57208,98.66964,96.93382,99.35789,97.85443,100.8525,101.8416,103.6919,98.69625,100.41,101.7909,99.7174,98.72009,97.99913,98.09734,99.28402,99.11394,99.09352,96.90443,99.68221,99.31969,96.99802,
2025-07-01,100.8384,99.30219,99.9052,102.887,98.41475,98.60274,99.55996,98.09998,95.08804,98.58247,99.55414,103.2518,100.9275,97.39239,93.26518,98.23163,97.75272,99.86101,98.15337,99.62792,98.62603,96.99905,99.43076,97.99496,101.3041,101.9794,103.7974,98.87191,100.6029,101.564,99.87538,98.6341,98.02181,98.5538,99.4584,99.15242,98.97103,97.06569,99.74524,99.52127,97.33124,
2025-08-01,100.8172,99.44778,99.9618,103.0667,98.49951,98.55312,99.69479,98.3294,95.18818,98.58597,99.58381,103.2421,100.9745,97.35609,93.53253,98.26861,97.66756,99.75023,98.10114,99.79074,98.57329,97.34008,99.54699,98.16763,101.4672,102.281,103.9092,98.99255,100.5089,101.4395,99.89475,98.70797,98.03999,98.84979,99.54952,99.42462,98.92696,96.94355,99.70267,99.62996,97.63259,
2025-09-01,100.8687,99.4791,100.0841,103.2131,98.37779,98.51047,99.78236,98.60469,95.26646,98.53054,100.0188,,101.1744,97.35797,94.12125,98.33919,97.73035,99.66863,98.12029,99.99039,98.47451,97.88741,99.68221,98.34411,101.4581,102.5701,103.7956,99.14606,100.8661,101.1766,99.77973,98.8991,98.09921,99.12498,99.58027,99.75853,98.90367,96.68705,99.76591,99.57659,97.746,
2025-10-01,101.0714,99.54959,100.243,103.2934,98.33029,98.58143,99.69061,98.69014,95.33421,98.48107,100.8841,,101.493,97.46539,94.86543,98.38539,98.00276,99.53442,98.05213,100.166,98.35807,98.90365,99.72826,98.54259,101.4422,102.7384,103.4371,99.38034,101.6967,100.8883,99.49791,99.04181,98.24187,99.33816,99.73635,99.9446,98.91634,96.44723,99.93065,99.55544,97.72948,
2025-11-01,101.3136,99.74221,100.407,103.3327,98.3785,98.73354,99.58703,99.05093,95.4377,98.45148,101.762,,101.7533,97.60953,95.55437,98.4898,98.16989,99.39887,97.98216,100.3341,98.33973,99.77439,99.66264,98.75954,101.4575,102.6976,102.943,99.62259,102.0403,100.8454,99.29355,99.16151,98.4365,99.43283,99.9907,99.90997,98.95354,96.2833,99.95325,99.51653,97.66557,
2025-12-01,,99.67175,100.5476,103.358,98.5024,98.91578,99.38251,99.59497,,98.4367,,,101.9232,97.80975,96.15697,98.57352,98.24326,99.27283,98.04685,100.6073,98.37447,,99.58549,98.90658,101.3874,102.4859,102.6453,99.75156,102.0338,101.0289,99.1982,99.22558,98.64891,99.43532,99.97871,99.75824,98.87258,96.23301,99.93962,99.62316,,